food_name,category,serving_g,carbs_g,sugars_g,fiber_g,protein_g,fat_g,gi,gi_source,nutrient_source
rice (white cooked),Cereals,150,42.0,0.1,0.6,4.0,0.4,73,University of Sydney GI Database,IFCT 2017
rice (brown cooked),Cereals,150,35.0,0.4,2.8,3.5,1.2,68,University of Sydney GI Database,IFCT 2017
roti (whole wheat),Cereals,40,20.0,0.5,4.0,4.0,1.5,62,University of Sydney GI Database,IFCT 2017
roti (jowar/sorghum),Cereals,40,21.0,0.5,3.5,3.0,1.0,65,University of Sydney GI Database,IFCT 2017
roti (bajra/pearl millet),Cereals,40,22.0,0.5,4.5,4.0,2.0,54,University of Sydney GI Database,IFCT 2017
idli,Cereals,100,22.0,0.0,2.0,4.0,0.5,70,University of Sydney GI Database,IFCT 2017
dosa (plain),Cereals,100,24.0,0.5,2.0,4.0,2.0,77,University of Sydney GI Database,IFCT 2017
poha (flattened rice cooked),Cereals,100,23.0,0.5,1.5,2.5,1.5,65,University of Sydney GI Database,IFCT 2017
upma (sooji/semolina),Cereals,100,20.0,1.0,1.5,3.5,3.0,68,University of Sydney GI Database,IFCT 2017
oats (rolled cooked),Cereals,150,25.0,0.5,4.0,5.0,2.5,55,University of Sydney GI Database,USDA FoodData Central
toor dal (cooked),Pulses,150,18.0,0.5,6.0,7.0,1.0,29,University of Sydney GI Database,IFCT 2017
moong dal (yellow cooked),Pulses,150,19.0,0.5,5.5,8.0,1.0,38,University of Sydney GI Database,IFCT 2017
moong whole (green gram cooked),Pulses,150,19.0,0.5,7.0,8.0,0.5,31,University of Sydney GI Database,IFCT 2017
chana dal (cooked),Pulses,150,17.0,0.5,6.0,8.5,1.5,28,University of Sydney GI Database,IFCT 2017
rajma (kidney beans cooked),Pulses,150,22.0,1.0,7.5,9.0,0.5,24,University of Sydney GI Database,IFCT 2017
chole (chickpeas cooked),Pulses,150,27.0,4.0,7.5,9.0,2.5,28,University of Sydney GI Database,IFCT 2017
urad dal (cooked),Pulses,150,18.0,0.5,5.5,7.5,1.0,43,University of Sydney GI Database,IFCT 2017
masoor dal (red lentils cooked),Pulses,150,18.0,0.5,6.0,8.0,0.5,25,University of Sydney GI Database,IFCT 2017
lobia (black-eyed peas cooked),Pulses,150,21.0,3.0,6.5,8.0,0.5,33,University of Sydney GI Database,IFCT 2017
soyabean (cooked),Pulses,150,15.0,4.0,9.0,16.0,7.0,18,University of Sydney GI Database,IFCT 2017
potato (boiled),Vegetables,100,20.0,1.0,1.8,1.9,0.1,78,University of Sydney GI Database,IFCT 2017
onion (raw),Vegetables,100,9.0,4.2,1.7,1.1,0.1,10,University of Sydney GI Database,IFCT 2017
tomato (raw),Vegetables,100,3.9,2.6,1.2,0.9,0.2,15,University of Sydney GI Database,IFCT 2017
cauliflower (cooked),Vegetables,100,4.1,2.0,2.3,1.8,0.5,15,University of Sydney GI Database,IFCT 2017
cabbage (cooked),Vegetables,100,5.8,2.8,2.5,1.3,0.1,10,University of Sydney GI Database,IFCT 2017
bhindi (okra cooked),Vegetables,100,7.0,1.5,3.2,1.9,0.2,20,University of Sydney GI Database,IFCT 2017
bottle gourd (lauki cooked),Vegetables,100,3.4,1.5,1.2,0.6,0.1,15,University of Sydney GI Database,IFCT 2017
bitter gourd (karela cooked),Vegetables,100,4.3,1.9,2.8,1.0,0.2,15,University of Sydney GI Database,IFCT 2017
ridge gourd (turai cooked),Vegetables,100,3.4,1.5,1.5,0.7,0.1,15,University of Sydney GI Database,IFCT 2017
spinach (palak cooked),Vegetables,100,3.8,0.4,2.4,3.0,0.3,15,University of Sydney GI Database,IFCT 2017
fenugreek leaves (methi cooked),Vegetables,100,4.0,0.5,2.5,4.4,0.9,15,University of Sydney GI Database,IFCT 2017
carrot (raw),Vegetables,100,9.6,4.7,2.8,0.9,0.2,39,University of Sydney GI Database,IFCT 2017
radish (mooli raw),Vegetables,100,3.4,1.9,1.6,0.7,0.1,15,University of Sydney GI Database,IFCT 2017
beetroot (raw),Vegetables,100,9.6,6.8,2.8,1.6,0.2,64,University of Sydney GI Database,IFCT 2017
capsicum (bell pepper raw),Vegetables,100,4.6,2.4,1.7,0.9,0.2,15,University of Sydney GI Database,IFCT 2017
green peas (cooked),Vegetables,100,14.0,5.0,5.0,5.0,0.4,48,University of Sydney GI Database,IFCT 2017
sweet potato (boiled),Vegetables,100,20.1,4.2,3.0,1.6,0.1,61,University of Sydney GI Database,IFCT 2017
brinjal (eggplant cooked),Vegetables,100,5.7,2.5,2.5,1.0,0.2,15,University of Sydney GI Database,IFCT 2017
pumpkin (cooked),Vegetables,100,4.9,2.0,1.1,0.7,0.1,75,University of Sydney GI Database,IFCT 2017
french beans (cooked),Vegetables,100,7.1,1.4,3.4,1.9,0.2,15,University of Sydney GI Database,IFCT 2017
apple (raw),Fruits,100,13.8,10.4,2.4,0.3,0.2,36,University of Sydney GI Database,USDA FoodData Central
banana (raw),Fruits,100,22.8,12.2,2.6,1.1,0.3,51,University of Sydney GI Database,USDA FoodData Central
mango (raw),Fruits,100,15.0,13.7,1.6,0.8,0.4,51,University of Sydney GI Database,IFCT 2017
papaya (raw),Fruits,100,10.8,7.8,1.7,0.5,0.1,59,University of Sydney GI Database,IFCT 2017
guava (raw),Fruits,100,14.3,8.9,5.4,2.6,1.0,29,University of Sydney GI Database,IFCT 2017
orange (raw),Fruits,100,11.7,9.3,2.4,0.9,0.1,43,University of Sydney GI Database,USDA FoodData Central
sweet lime (mosambi),Fruits,100,10.5,8.0,2.0,0.8,0.1,45,University of Sydney GI Database,IFCT 2017
watermelon (raw),Fruits,100,7.6,6.2,0.4,0.6,0.2,76,University of Sydney GI Database,USDA FoodData Central
muskmelon (raw),Fruits,100,8.2,7.9,0.9,0.8,0.2,65,University of Sydney GI Database,USDA FoodData Central
pomegranate (raw),Fruits,100,18.7,13.7,4.0,1.7,1.2,53,University of Sydney GI Database,USDA FoodData Central
grapes (green raw),Fruits,100,18.1,15.5,0.9,0.7,0.2,59,University of Sydney GI Database,USDA FoodData Central
pineapple (raw),Fruits,100,13.1,9.8,1.4,0.5,0.1,59,University of Sydney GI Database,USDA FoodData Central
sapota (chikoo raw),Fruits,100,20.0,14.0,5.3,0.4,1.1,55,University of Sydney GI Database,IFCT 2017
pear (raw),Fruits,100,15.2,9.8,3.1,0.4,0.1,38,University of Sydney GI Database,USDA FoodData Central
plum (raw),Fruits,100,11.4,9.9,1.4,0.7,0.3,40,University of Sydney GI Database,USDA FoodData Central
cow milk (whole),Dairy,100,4.8,4.8,0.0,3.2,3.3,31,University of Sydney GI Database,IFCT 2017
buffalo milk,Dairy,100,5.1,5.1,0.0,3.7,6.9,27,University of Sydney GI Database,IFCT 2017
curd (plain yogurt),Dairy,100,4.0,4.0,0.0,3.5,3.0,28,University of Sydney GI Database,IFCT 2017
paneer (cottage cheese),Dairy,100,3.0,3.0,0.0,18.0,20.0,27,University of Sydney GI Database,IFCT 2017
ghee,Dairy,100,0.0,0.0,0.0,0.0,99.5,,,IFCT 2017
butter,Dairy,100,0.1,0.1,0.0,0.8,81.1,,,IFCT 2017
buttermilk (chaas),Dairy,100,2.5,2.5,0.0,1.5,0.5,25,University of Sydney GI Database,IFCT 2017
egg (whole raw),Eggs,50,0.4,0.2,0.0,6.3,4.8,0,,USDA FoodData Central
egg (white raw),Eggs,33,0.2,0.2,0.0,3.6,0.1,0,,USDA FoodData Central
almonds (raw),Nuts & Seeds,30,6.5,1.3,3.8,6.4,14.9,0,University of Sydney GI Database,USDA FoodData Central
walnuts (raw),Nuts & Seeds,30,4.1,0.8,2.0,4.6,19.6,0,University of Sydney GI Database,USDA FoodData Central
peanuts (roasted),Nuts & Seeds,30,4.8,1.4,2.5,7.7,14.8,14,University of Sydney GI Database,USDA FoodData Central
cashews (raw),Nuts & Seeds,30,9.1,1.8,1.0,5.5,13.1,22,University of Sydney GI Database,USDA FoodData Central
pistachios (raw),Nuts & Seeds,30,8.4,2.3,3.2,6.0,13.7,15,University of Sydney GI Database,USDA FoodData Central
chia seeds,Nuts & Seeds,15,6.3,0.0,5.2,2.5,4.6,1,University of Sydney GI Database,USDA FoodData Central
flax seeds,Nuts & Seeds,15,4.3,0.2,4.1,2.7,6.3,0,University of Sydney GI Database,USDA FoodData Central
pumpkin seeds,Nuts & Seeds,15,2.3,0.2,0.9,4.5,7.4,0,,USDA FoodData Central
sunflower seeds,Nuts & Seeds,15,3.0,0.4,1.3,3.1,7.7,0,,USDA FoodData Central
sesame seeds,Nuts & Seeds,15,3.5,0.0,1.7,2.6,7.5,0,,USDA FoodData Central
samosa,Snacks,100,32.0,1.5,2.5,4.5,15.0,70,University of Sydney GI Database,IFCT 2017
pakora (onion),Snacks,100,25.0,2.0,3.5,6.0,12.0,65,University of Sydney GI Database,IFCT 2017
bhel puri,Snacks,100,35.0,5.0,3.0,4.0,8.0,68,University of Sydney GI Database,IFCT 2017
sev (besan snack),Snacks,100,40.0,1.0,4.0,10.0,35.0,55,University of Sydney GI Database,IFCT 2017
dhokla (besan),Snacks,100,20.0,3.0,2.5,5.5,2.5,45,University of Sydney GI Database,IFCT 2017
khandvi,Snacks,100,18.0,2.0,2.0,6.0,8.0,45,University of Sydney GI Database,IFCT 2017
papad (roasted),Snacks,15,9.0,0.0,1.0,3.5,0.5,50,University of Sydney GI Database,IFCT 2017
roasted chana,Snacks,30,17.0,1.5,5.0,5.5,1.5,28,University of Sydney GI Database,IFCT 2017
makhana (roasted lotus seeds),Snacks,30,23.0,0.0,4.3,2.9,0.1,55,University of Sydney GI Database,IFCT 2017
popcorn (air popped),Snacks,30,22.0,0.3,4.3,3.9,1.4,55,University of Sydney GI Database,USDA FoodData Central
chicken breast (raw),Meats,100,0.0,0.0,0.0,31.0,3.6,0,,USDA FoodData Central
chicken thigh (raw),Meats,100,0.0,0.0,0.0,24.0,8.0,0,,USDA FoodData Central
mutton (lean raw),Meats,100,0.0,0.0,0.0,25.0,10.0,0,,IFCT 2017
fish rohu (raw),Meats,100,0.0,0.0,0.0,16.0,1.5,0,,IFCT 2017
fish pomfret (raw),Meats,100,0.0,0.0,0.0,17.0,5.0,0,,IFCT 2017
prawns (raw),Meats,100,0.0,0.0,0.0,20.0,1.5,0,,IFCT 2017
sugar (white),Sugars,10,10.0,10.0,0.0,0.0,0.0,65,University of Sydney GI Database,USDA FoodData Central
jaggery (gur),Sugars,10,9.8,9.5,0.0,0.0,0.0,84,University of Sydney GI Database,IFCT 2017
honey,Sugars,10,8.2,8.2,0.0,0.0,0.0,58,University of Sydney GI Database,USDA FoodData Central
coconut oil,Fats,10,0.0,0.0,0.0,0.0,10.0,0,,IFCT 2017
mustard oil,Fats,10,0.0,0.0,0.0,0.0,10.0,0,,IFCT 2017
olive oil,Fats,10,0.0,0.0,0.0,0.0,10.0,0,,USDA FoodData Central
sunflower oil,Fats,10,0.0,0.0,0.0,0.0,10.0,0,,IFCT 2017
peanut oil,Fats,10,0.0,0.0,0.0,0.0,10.0,0,,IFCT 2017
ragi (finger millet flour),Cereals,100,72.0,0.0,11.2,7.3,1.3,104,University of Sydney GI Database,IFCT 2017
makki roti (cornmeal flatbread),Cereals,50,30.0,0.5,3.5,3.0,1.5,70,University of Sydney GI Database,IFCT 2017